Grupa,VDR FokI,BSM
Cancer,GG,CC
Cancer,GG,CC
Cancer,AG,CT
Cancer,AA,CC
Cancer,GG,CT
Cancer,AG,TT
Cancer,AA,CT
Cancer,AG,CT
Cancer,AG,CT
Cancer,AA,TT
Cancer,GG,CT
Cancer,AA,CC
Cancer,GG,CC
Cancer,AG,TT
Cancer,AG,CT
Cancer,AA,CC
Cancer,GG,CT
Cancer,AG,CC
Cancer,AG,CC
Cancer,AA,TT
Cancer,AA,CC
Cancer,AG,CT
Cancer,AG,CC
Cancer,AA,CT
Cancer,GG,TT
Cancer,AG,CT
Cancer,GG,CC
Cancer,GG,CT
Cancer,AA,CT
Cancer,GG,CT
Cancer,GG,CT
Cancer,AA,TT
Cancer,GG,CT
Cancer,AA,CT
Cancer,AG,CT
Cancer,AG,CC
Cancer,GG,CC
Cancer,AA,CC
Cancer,GG,CC
Cancer,GG,CT
Cancer,AA,CC
Cancer,AA,CT
Cancer,AA,CC
Cancer,AG,CT
Cancer,AG,TT
Cancer,AA,CT
Cancer,GG,CC
Cancer,AA,CC
Cancer,AG,CT
Cancer,GG,CT
Cancer,AG,CT
Cancer,AG,CT
Cancer,AA,CC
Cancer,AA,CC
Cancer,AA,CT
Cancer,AG,CC
Cancer,AG,CT
Cancer,GG,CT
Cancer,AA,CT
Cancer,AG,CC
Cancer,GG,CC
Cancer,GG,CC
Cancer,AG,CC
Cancer,GG,CC
Cancer,AA,CC
Cancer,AG,CC
Cancer,GG,CT
Cancer,AA,CC
Cancer,AG,CC
Cancer,AA,TT
Cancer,GG,CT
Cancer,AG,CC
Cancer,GG,CT
Cancer,AG,CT
Cancer,AA,CT
Cancer,AA,CT
Cancer,AG,CC
Cancer,GG,CT
Cancer,AG,CT
Cancer,AG,CT
Cancer,AA,CT
Cancer,AA,CT
Cancer,GG,CC
Cancer,AA,CC
Cancer,GG,CT
Cancer,AG,CT
Cancer,AG,CC
Cancer,AA,CT
Cancer,GG,TT
Cancer,AG,CC
Cancer,AG,CT
Cancer,GG,CT
Cancer,AA,CC
Cancer,AG,CT
Cancer,AG,CC
Cancer,AG,CT
Cancer,AA,TT
Cancer,AA,CT
Cancer,AG,CT
Cancer,AG,CC
Cancer,AA,CT
Cancer,GG,CT
Cancer,AA,TT
Cancer,GG,CC
Cancer,AG,CT
Cancer,AA,CC
Cancer,AA,CC
Cancer,AG,CC
Cancer,AG,TT
Cancer,GG,CT
Cancer,AA,CT
Cancer,GG,CT
Cancer,AA,CT
Cancer,GG,CC
Cancer,AG,TT
Cancer,AA,TT
Cancer,GG,CT
Cancer,AA,CT
Cancer,AA,CC
Cancer,AA,CC
Cancer,AG,CC
Cancer,GG,CT
Cancer,AG,CT
Cancer,GG,TT
Cancer,AA,CT
Cancer,AA,CT
Cancer,GG,CC
Cancer,GG,CT
Cancer,AG,CT
Cancer,GG,CT
Cancer,AG,CT
Cancer,AG,CT
Cancer,AA,CC
Cancer,AG,CT
Cancer,AG,CT
Cancer,AA,CT
Cancer,GG,CC
Cancer,GG,TC
Cancer,AG,CC
Cancer,GG,CC
Cancer,GG,TC
Cancer,AG,TC
Cancer,GG,TC
Cancer,AA,CC
Cancer,AA,CC
Cancer,AG,TT
Cancer,GG,TC
Cancer,GG,CC
Cancer,GG,TC
Cancer,AG,CC
Cancer,GG,CC
Cancer,GG,TT
Cancer,AG,TC
Cancer,GG,CC
Cancer,AA,TT
Cancer,AA,CC
Cancer,AG,CC
Cancer,AA,CC
Cancer,AG,CC
Cancer,AA,TC
Cancer,AA,TC
Cancer,GG,CC
Cancer,AG,CC
Cancer,GG,CC
Cancer,AA,CC
Cancer,GG,TC
Cancer,GG,TC
Cancer,AG,TC
Cancer,GG,TT
Cancer,GG,TT
Cancer,AG,TC
Cancer,GG,TC
Cancer,AA,CC
Cancer,GG,TC
Cancer,AG,CC
Cancer,AA,TT
Cancer,AG,TC
Cancer,AG,TT
Cancer,AA,TC
Cancer,AA,TC
Cancer,AG,TT
Cancer,AA,CC
Cancer,GG,TT
Cancer,GG,CC
Cancer,AG,CC
Cancer,AA,TC
Cancer,GG,CC
Cancer,AA,TC
Cancer,GG,CC
Cancer,AA,CC
Cancer,AG,CC
Cancer,GG,CC
Cancer,AA,TC
Cancer,AA,CC
Cancer,AG,TT
Cancer,AA,TC
Cancer,AG,TT
Cancer,AA,TT
Cancer,GG,CC
Cancer,AG,TC
Cancer,AA,TC
Cancer,GG,TC
Cancer,AA,CC
Cancer,AG,TC
Cancer,AA,TC
Cancer,AG,CC
Cancer,AG,TT
Cancer,AA,TC
Cancer,AA,CC
Cancer,AA,TC
Cancer,GG,TT
Cancer,AG,TC
Cancer,GG,TC
Cancer,AA,TC
Cancer,AA,TC
Cancer,AG,CC
Cancer,GG,TC
Cancer,AA,TC
Cancer,AG,TC
Cancer,AA,TC
Cancer,AG,TT
Cancer,GG,CC
Cancer,AA,CC
Cancer,AA,TT
Cancer,GG,TC
Cancer,AG,TC
Cancer,AG,TC
Cancer,AA,TC
Cancer,AG,TC
Cancer,AA,TC
Cancer,AG,TC
Cancer,AA,TC
Cancer,GG,TT
Cancer,AG,TC
Cancer,AG,CC
Cancer,AA,CC
Cancer,GG,CC
Cancer,GG,TC
Cancer,GG,TC
Cancer,AG,CC
Cancer,AG,TC
Cancer,AG,TT
Cancer,GG,TC
Cancer,GG,TT
Cancer,AA,TC
Cancer,GG,CC
Cancer,AA,TC
Cancer,GG,TC
Cancer,GG,TT
Cancer,AG,TC
Cancer,GG,CC
Cancer,GG,TC
Cancer,AG,TT
Cancer,AA,TC
Cancer,AG,CC
Cancer,GG,TC
Cancer,AG,TT
Cancer,AA,TC
Cancer,AG,TC
Cancer,AG,CC
Cancer,GG,TC
Cancer,GG,CC
Cancer,AA,CC
Cancer,AG,CC
Cancer,GG,TC
Cancer,AG,TT
Cancer,GG,TC
Cancer,GG,TC
Cancer,AA,TC
Cancer,AA,TC
Cancer,AG,TC
Cancer,AG,TT
Cancer,GG,TC
Cancer,GG,TC
Cancer,AA,TC
Cancer,AA,TT
Control,GG,TC
Control,GG,CC
Control,AG,CC
Control,GG,CC
Control,GG,TC
Control,GG,TC
Control,AA,CC
Control,AA,TC
Control,AA,TT
Control,AG,TC
Control,AG,TT
Control,GG,TC
Control,AG,CC
Control,GG,TC
Control,AG,TC
Control,AA,CC
Control,GG,CC
Control,AG,CT
Control,AA,CC
Control,GG,CT
Control,AG,TT
Control,AA,CT
Control,AG,CT
Control,AG,CT
Control,AA,TT
Control,AG,CT
Control,AG,CC
Control,AG,CC
Control,AG,TT
Control,AG,CT
Control,AG,CC
Control,GG,CT
Control,GG,CC
Control,GG,CC
Control,AG,TT
Control,AG,CC
Control,GG,CT
Control,GG,CC
Control,AG,CT
Control,GG,TT
Control,AG,CT
Control,AA,CC
Control,AA,CT
Control,AG,CT
Control,AG,CT
Control,GG,CT
Control,AG,TT
Control,AG,CT
Control,GG,CT
Control,AG,CT
Control,GG,CC
Control,GG,CC
Control,AA,CC
Control,AG,CC
Control,AG,CT
Control,AA,CC
Control,AA,CT
Control,AG,CC
Control,GG,CT
Control,AG,TT
Control,GG,CT
Control,GG,CC
Control,AA,CC
Control,AG,CT
Control,AG,CT
Control,AG,CT
Control,AG,CT
Control,AG,CC
Control,AA,CC
Control,GG,CT
Control,GG,CC
Control,GG,CT
Control,GG,CT
Control,AA,CT
Control,AA,CC
Control,AG,CC
Control,AA,CC
Control,GG,CC
Control,GG,CC
Control,AG,CC
Control,GG,CC
Control,GG,CT
Control,AG,CC
Control,GG,CC
Control,GG,TT
Control,GG,CT
Control,AG,CC
Control,AG,CT
Control,GG,CT
Control,AG,CT
Control,GG,CT
Control,AG,CC
Control,AG,CT
Control,GG,CT
Control,GG,CT
Control,AG,CT
Control,AG,CT
Control,AG,CC
Control,AG,CC
Control,GG,CT
Control,AG,CT
Control,AG,CC
Control,AG,CT
Control,AG,TT
Control,GG,CC
Control,AG,CT
Control,GG,CT
Control,AG,CC
Control,AG,CT
Control,AA,CC
Control,GG,CT
Control,AG,TT
Control,AG,CT
Control,GG,CT
Control,AG,CC
Control,GG,CT
Control,GG,CT
Control,GG,TT
Control,AG,CC
Control,GG,CT
Control,AG,CC
Control,GG,CC
Control,GG,CC
Control,GG,TT
Control,GG,CT
Control,AG,CT
Control,GG,CT
Control,GG,CT
Control,AA,CC
Control,GG,TT
Control,AA,TT
Control,AA,CT
Control,GG,CT
Control,AG,CC
Control,AG,CC
Control,GG,CC
Control,GG,CT
Control,AG,CT
Control,GG,TT
Control,AA,CT
Control,AG,CT
Control,AA,CC
Control,GG,CT
Control,GG,CT
Control,AG,CT
Control,AG,CT
Control,AA,CT
Control,GG,CC
Control,GG,CT
Control,AA,CT
Control,AA,CT
Control,GG,CC
Control,AA,TC
Control,AG,CC
Control,GG,CC
Control,AG,TC
Control,AG,TC
Control,AG,TC
Control,GG,CC
Control,GG,CC
Control,AG,TT
Control,GG,TC
Control,AA,CC
Control,AA,TC
Control,AG,CC
Control,AA,CC
Control,GG,TT
Control,AA,TC
Control,AG,CC
Control,AG,TT
Control,GG,CC
Control,AG,CC
Control,GG,CC
Control,AG,CC
Control,GG,TC
Control,GG,TC
Control,AA,CC
Control,GG,CC
Control,GG,CC
Control,GG,CC
Control,AG,TC
Control,AG,TC
Control,AG,TC
Control,AG,TT
Control,AG,TT
Control,AG,TC
Control,AA,TC
Control,AG,CC
Control,AG,TC
Control,GG,CC
Control,AG,TT
Control,AG,TC
Control,GG,TT
Control,AG,TC
Control,GG,TC
Control,AG,TT
Control,AG,CC
Control,GG,TT
Control,AA,CC
Control,GG,CC
Control,AG,TC
Control,GG,CC
Control,AG,TC
Control,AA,CC
Control,AA,CC
Control,AG,CC
Control,AA,CC
Control,GG,TC
Control,AG,CC
Control,GG,TT
Control,AG,TC
Control,AG,TT
Control,AG,TT
Control,AG,CC
Control,AG,TC
Control,AA,TC
Control,AG,TC
Control,GG,CC
Control,GG,TC
Control,AG,TC
Control,GG,CC
Control,GG,TT
Control,GG,TC
Control,GG,CC
Control,GG,TC
Control,GG,TT
Control,AG,TC
Control,AA,TC
Control,AG,TC
Control,GG,TC
Control,AG,CC
Control,AG,TC
Control,AG,TC
Control,AG,TC
Control,AG,TC
Control,AG,TT
Control,AG,CC
Control,AG,CC
Control,GG,TT
Control,AA,TC
Control,GG,TC
Control,AG,TC
Control,GG,TC
Control,AA,TC
Control,AA,TC
Control,AG,TC
Control,GG,TC
Control,AA,TT
Control,GG,TC
Control,AG,CC
Control,GG,CC
Control,AG,CC
Control,AG,TC
Control,AG,TC
Control,AG,CC
Control,AG,TC
Control,GG,TT
Control,GG,TC
Control,AG,TT
Control,GG,TC
Control,AA,CC
Control,GG,TC
Control,AG,TC
Control,AG,TT
Control,AA,TC
Control,AA,CC
Control,GG,TC
Control,AG,TT
Control,AG,TC
Control,GG,CC
Control,AA,TC
Control,AA,TT
Control,AA,TC
Control,GG,TC
Control,AG,CC
Control,GG,TC
Control,GG,CC
Control,GG,CC
Control,GG,CC
Control,AG,TC
Control,AG,TT
Control,AG,TC
Control,AA,TC
Control,AG,TC
Control,AG,TC
Control,AA,TC
Control,AG,TT
Control,AG,TC
Control,AG,TC
Control,AG,TC
Control,AG,TT
Control,AG,TC
Control,AG,CC
Control,AA,CC
Control,AG,CC
Control,AA,TC
Control,AG,TC
Control,AG,CC
Control,GG,TC
Control,AG,TT
Control,AG,TC
Control,GG,TT
Control,AG,TC
Control,AG,CC
Control,GG,TC
Control,AA,TC
Control,GG,
Control,AG,
Control,AA,
Control,AG,
Control,GG,
Control,AA,
Control,AG,
Control,AG,
Control,AG,
Control,AA,
Control,GG,
Control,AG,
Control,GG,
Control,AG,
Control,AG,
Control,GG,
Control,GG,
Control,AG,
Control,GG,
Control,AG,
Control,GG,
Control,GG,
Control,GG,
Control,AG,
Control,AG,
Control,AG,
Control,GG,
Control,AA,
Control,AG,
Control,AG,
Control,AG,
Control,GG,
Control,AG,
Control,GG,
Control,AG,
Control,AA,
Control,GG,
Control,GG,
Control,GG,
Control,AG,
Control,GG,
Control,AA,
Control,AG,
Control,GG,
Control,GG,
Control,GG,
Control,AG,
Control,AA,
Control,AA,
Control,AG,
Control,GG,
Control,AG,
Control,AG,
Control,GG,
Control,AG,
Control,AA,
Control,GG,
Control,AG,
Control,AG,
Control,AA,
Control,AG,
Control,AG,
Control,AA,
,1,
